"Status","Start Time","Stop Time","Duration in ms","Parent Suite","Suite","Sub Suite","Test Class","Test Method","Name","Description"
"broken","Fri Apr 28 16:12:31 CST 2023","Fri Apr 28 16:12:31 CST 2023","1","tests","test_book","TestBook","","","test_book_005","删除书籍信息"
"broken","Fri Apr 28 16:12:32 CST 2023","Fri Apr 28 16:12:32 CST 2023","5","tests","test_login_v1","","","","test_login_v1[datas4]",""
"broken","Fri Apr 28 16:12:32 CST 2023","Fri Apr 28 16:12:32 CST 2023","4","tests","test_login_v1","","","","test_login_v1[datas3]",""
"broken","Fri Apr 28 16:12:31 CST 2023","Fri Apr 28 16:12:31 CST 2023","60","tests","test_login_token_book","","","","test_login_book[datas0]",""
"broken","Fri Apr 28 16:12:32 CST 2023","Fri Apr 28 16:12:32 CST 2023","85","tests","test_login_token_book","","","","test_login_book[datas3]",""
"broken","Fri Apr 28 16:12:32 CST 2023","Fri Apr 28 16:12:32 CST 2023","4","tests","test_login_v1","","","","test_login_v1[datas2]",""
"broken","Fri Apr 28 16:12:31 CST 2023","Fri Apr 28 16:12:31 CST 2023","1","tests","test_book","TestBook","","","test_book_004","编辑书籍信息"
"broken","Fri Apr 28 16:12:32 CST 2023","Fri Apr 28 16:12:32 CST 2023","3","tests","test_login_v1","","","","test_login_v1[datas0]",""
"broken","Fri Apr 28 16:12:31 CST 2023","Fri Apr 28 16:12:31 CST 2023","59","tests","test_login_token_book","","","","test_login_book[datas2]",""
"broken","Fri Apr 28 16:12:32 CST 2023","Fri Apr 28 16:12:32 CST 2023","4","tests","test_login_v1","","","","test_login_v1[datas1]",""
"broken","Fri Apr 28 16:12:31 CST 2023","Fri Apr 28 16:12:31 CST 2023","1","tests","test_book","TestBook","","","test_book_001","获取所有的书籍信息"
"broken","Fri Apr 28 16:12:31 CST 2023","Fri Apr 28 16:12:31 CST 2023","1","tests","test_book","TestBook","","","test_book_002","新增书籍"
"broken","Fri Apr 28 16:12:31 CST 2023","Fri Apr 28 16:12:31 CST 2023","1","tests","test_book","TestBook","","","test_book_003","查看书籍"
"broken","Fri Apr 28 16:12:31 CST 2023","Fri Apr 28 16:12:31 CST 2023","60","tests","test_login_token_book","","","","test_login_book[datas1]",""
"broken","Fri Apr 28 16:12:32 CST 2023","Fri Apr 28 16:12:32 CST 2023","61","tests","test_login_token_book","","","","test_login_book[datas4]",""
"broken","Fri Apr 28 16:12:32 CST 2023","Fri Apr 28 16:12:32 CST 2023","58","tests","test_login_token_book","","","","test_login_book[datas5]",""
